Start date,End date,Total-generation
"Feb 10, 2025 12:00 AM","Feb 10, 2025 1:00 AM","51,859.25"
"Feb 10, 2025 1:00 AM","Feb 10, 2025 2:00 AM","51,343.25"
"Feb 10, 2025 2:00 AM","Feb 10, 2025 3:00 AM","51,638.50"
"Feb 10, 2025 3:00 AM","Feb 10, 2025 4:00 AM","52,163.50"
"Feb 10, 2025 4:00 AM","Feb 10, 2025 5:00 AM","52,817.75"
"Feb 10, 2025 5:00 AM","Feb 10, 2025 6:00 AM","54,231.00"
"Feb 10, 2025 6:00 AM","Feb 10, 2025 7:00 AM","58,395.25"
"Feb 10, 2025 7:00 AM","Feb 10, 2025 8:00 AM","63,197.50"
"Feb 10, 2025 8:00 AM","Feb 10, 2025 9:00 AM","66,992.75"
"Feb 10, 2025 9:00 AM","Feb 10, 2025 10:00 AM","68,649.25"
"Feb 10, 2025 10:00 AM","Feb 10, 2025 11:00 AM","69,517.25"
"Feb 10, 2025 11:00 AM","Feb 10, 2025 12:00 PM","71,624.00"
"Feb 10, 2025 12:00 PM","Feb 10, 2025 1:00 PM","72,894.00"
"Feb 10, 2025 1:00 PM","Feb 10, 2025 2:00 PM","72,310.00"
"Feb 10, 2025 2:00 PM","Feb 10, 2025 3:00 PM","71,406.00"
"Feb 10, 2025 3:00 PM","Feb 10, 2025 4:00 PM","68,707.75"
"Feb 10, 2025 4:00 PM","Feb 10, 2025 5:00 PM","67,495.75"
"Feb 10, 2025 5:00 PM","Feb 10, 2025 6:00 PM","70,057.75"
"Feb 10, 2025 6:00 PM","Feb 10, 2025 7:00 PM","73,005.75"
"Feb 10, 2025 7:00 PM","Feb 10, 2025 8:00 PM","73,052.25"
"Feb 10, 2025 8:00 PM","Feb 10, 2025 9:00 PM","71,435.00"
"Feb 10, 2025 9:00 PM","Feb 10, 2025 10:00 PM","71,211.50"
"Feb 10, 2025 10:00 PM","Feb 10, 2025 11:00 PM","69,583.25"
"Feb 10, 2025 11:00 PM","Feb 11, 2025 12:00 AM","67,627.50"
"Feb 11, 2025 12:00 AM","Feb 11, 2025 1:00 AM","65,029.00"
"Feb 11, 2025 1:00 AM","Feb 11, 2025 2:00 AM","64,131.25"
"Feb 11, 2025 2:00 AM","Feb 11, 2025 3:00 AM","63,897.00"
"Feb 11, 2025 3:00 AM","Feb 11, 2025 4:00 AM","63,546.00"
"Feb 11, 2025 4:00 AM","Feb 11, 2025 5:00 AM","63,663.00"
"Feb 11, 2025 5:00 AM","Feb 11, 2025 6:00 AM","64,403.00"
"Feb 11, 2025 6:00 AM","Feb 11, 2025 7:00 AM","67,795.75"
"Feb 11, 2025 7:00 AM","Feb 11, 2025 8:00 AM","69,708.50"
"Feb 11, 2025 8:00 AM","Feb 11, 2025 9:00 AM","71,682.00"
"Feb 11, 2025 9:00 AM","Feb 11, 2025 10:00 AM","71,058.00"
"Feb 11, 2025 10:00 AM","Feb 11, 2025 11:00 AM","70,179.00"
"Feb 11, 2025 11:00 AM","Feb 11, 2025 12:00 PM","71,586.25"
"Feb 11, 2025 12:00 PM","Feb 11, 2025 1:00 PM","70,619.00"
"Feb 11, 2025 1:00 PM","Feb 11, 2025 2:00 PM","69,372.00"
"Feb 11, 2025 2:00 PM","Feb 11, 2025 3:00 PM","67,934.00"
"Feb 11, 2025 3:00 PM","Feb 11, 2025 4:00 PM","66,894.00"
"Feb 11, 2025 4:00 PM","Feb 11, 2025 5:00 PM","65,501.00"
"Feb 11, 2025 5:00 PM","Feb 11, 2025 6:00 PM","66,774.00"
"Feb 11, 2025 6:00 PM","Feb 11, 2025 7:00 PM","70,794.75"
"Feb 11, 2025 7:00 PM","Feb 11, 2025 8:00 PM","69,658.50"
"Feb 11, 2025 8:00 PM","Feb 11, 2025 9:00 PM","66,492.75"
"Feb 11, 2025 9:00 PM","Feb 11, 2025 10:00 PM","63,879.00"
"Feb 11, 2025 10:00 PM","Feb 11, 2025 11:00 PM","60,079.00"
"Feb 11, 2025 11:00 PM","Feb 12, 2025 12:00 AM","58,375.75"
"Feb 12, 2025 12:00 AM","Feb 12, 2025 1:00 AM","56,612.25"
"Feb 12, 2025 1:00 AM","Feb 12, 2025 2:00 AM","56,057.75"
"Feb 12, 2025 2:00 AM","Feb 12, 2025 3:00 AM","55,373.25"
"Feb 12, 2025 3:00 AM","Feb 12, 2025 4:00 AM","55,202.75"
"Feb 12, 2025 4:00 AM","Feb 12, 2025 5:00 AM","54,760.25"
"Feb 12, 2025 5:00 AM","Feb 12, 2025 6:00 AM","56,168.00"
"Feb 12, 2025 6:00 AM","Feb 12, 2025 7:00 AM","59,819.25"
"Feb 12, 2025 7:00 AM","Feb 12, 2025 8:00 AM","63,508.25"
"Feb 12, 2025 8:00 AM","Feb 12, 2025 9:00 AM","67,223.25"
"Feb 12, 2025 9:00 AM","Feb 12, 2025 10:00 AM","68,138.50"
"Feb 12, 2025 10:00 AM","Feb 12, 2025 11:00 AM","68,296.25"
"Feb 12, 2025 11:00 AM","Feb 12, 2025 12:00 PM","69,620.50"
"Feb 12, 2025 12:00 PM","Feb 12, 2025 1:00 PM","69,459.50"
"Feb 12, 2025 1:00 PM","Feb 12, 2025 2:00 PM","67,868.75"
"Feb 12, 2025 2:00 PM","Feb 12, 2025 3:00 PM","65,332.75"
"Feb 12, 2025 3:00 PM","Feb 12, 2025 4:00 PM","64,234.25"
"Feb 12, 2025 4:00 PM","Feb 12, 2025 5:00 PM","61,253.75"
"Feb 12, 2025 5:00 PM","Feb 12, 2025 6:00 PM","62,695.75"
"Feb 12, 2025 6:00 PM","Feb 12, 2025 7:00 PM","63,435.25"
"Feb 12, 2025 7:00 PM","Feb 12, 2025 8:00 PM","61,862.75"
"Feb 12, 2025 8:00 PM","Feb 12, 2025 9:00 PM","56,561.75"
"Feb 12, 2025 9:00 PM","Feb 12, 2025 10:00 PM","53,030.00"
"Feb 12, 2025 10:00 PM","Feb 12, 2025 11:00 PM","50,724.25"
"Feb 12, 2025 11:00 PM","Feb 13, 2025 12:00 AM","47,388.75"
"Feb 13, 2025 12:00 AM","Feb 13, 2025 1:00 AM","45,925.25"
"Feb 13, 2025 1:00 AM","Feb 13, 2025 2:00 AM","45,156.50"
"Feb 13, 2025 2:00 AM","Feb 13, 2025 3:00 AM","44,933.75"
"Feb 13, 2025 3:00 AM","Feb 13, 2025 4:00 AM","44,994.00"
"Feb 13, 2025 4:00 AM","Feb 13, 2025 5:00 AM","45,474.00"
"Feb 13, 2025 5:00 AM","Feb 13, 2025 6:00 AM","47,249.25"
"Feb 13, 2025 6:00 AM","Feb 13, 2025 7:00 AM","50,113.75"
"Feb 13, 2025 7:00 AM","Feb 13, 2025 8:00 AM","53,973.25"
"Feb 13, 2025 8:00 AM","Feb 13, 2025 9:00 AM","56,573.50"
"Feb 13, 2025 9:00 AM","Feb 13, 2025 10:00 AM","59,278.00"
"Feb 13, 2025 10:00 AM","Feb 13, 2025 11:00 AM","58,943.75"
"Feb 13, 2025 11:00 AM","Feb 13, 2025 12:00 PM","59,235.00"
"Feb 13, 2025 12:00 PM","Feb 13, 2025 1:00 PM","59,365.00"
"Feb 13, 2025 1:00 PM","Feb 13, 2025 2:00 PM","59,167.75"
"Feb 13, 2025 2:00 PM","Feb 13, 2025 3:00 PM","57,930.25"
"Feb 13, 2025 3:00 PM","Feb 13, 2025 4:00 PM","57,610.50"
"Feb 13, 2025 4:00 PM","Feb 13, 2025 5:00 PM","57,192.00"
"Feb 13, 2025 5:00 PM","Feb 13, 2025 6:00 PM","59,083.75"
"Feb 13, 2025 6:00 PM","Feb 13, 2025 7:00 PM","59,416.50"
"Feb 13, 2025 7:00 PM","Feb 13, 2025 8:00 PM","58,933.75"
"Feb 13, 2025 8:00 PM","Feb 13, 2025 9:00 PM","56,152.25"
"Feb 13, 2025 9:00 PM","Feb 13, 2025 10:00 PM","54,675.25"
"Feb 13, 2025 10:00 PM","Feb 13, 2025 11:00 PM","52,675.25"
"Feb 13, 2025 11:00 PM","Feb 14, 2025 12:00 AM","50,803.00"
"Feb 14, 2025 12:00 AM","Feb 14, 2025 1:00 AM","50,711.50"
"Feb 14, 2025 1:00 AM","Feb 14, 2025 2:00 AM","49,877.25"
"Feb 14, 2025 2:00 AM","Feb 14, 2025 3:00 AM","49,115.50"
"Feb 14, 2025 3:00 AM","Feb 14, 2025 4:00 AM","48,400.75"
"Feb 14, 2025 4:00 AM","Feb 14, 2025 5:00 AM","48,319.75"
"Feb 14, 2025 5:00 AM","Feb 14, 2025 6:00 AM","48,672.25"
"Feb 14, 2025 6:00 AM","Feb 14, 2025 7:00 AM","50,410.50"
"Feb 14, 2025 7:00 AM","Feb 14, 2025 8:00 AM","53,726.50"
"Feb 14, 2025 8:00 AM","Feb 14, 2025 9:00 AM","55,953.00"
"Feb 14, 2025 9:00 AM","Feb 14, 2025 10:00 AM","55,968.00"
"Feb 14, 2025 10:00 AM","Feb 14, 2025 11:00 AM","53,843.25"
"Feb 14, 2025 11:00 AM","Feb 14, 2025 12:00 PM","53,619.25"
"Feb 14, 2025 12:00 PM","Feb 14, 2025 1:00 PM","52,994.00"
"Feb 14, 2025 1:00 PM","Feb 14, 2025 2:00 PM","51,329.50"
"Feb 14, 2025 2:00 PM","Feb 14, 2025 3:00 PM","49,994.75"
"Feb 14, 2025 3:00 PM","Feb 14, 2025 4:00 PM","48,954.75"
"Feb 14, 2025 4:00 PM","Feb 14, 2025 5:00 PM","50,724.25"
"Feb 14, 2025 5:00 PM","Feb 14, 2025 6:00 PM","52,035.25"
"Feb 14, 2025 6:00 PM","Feb 14, 2025 7:00 PM","51,850.00"
"Feb 14, 2025 7:00 PM","Feb 14, 2025 8:00 PM","48,937.25"
"Feb 14, 2025 8:00 PM","Feb 14, 2025 9:00 PM","45,881.25"
"Feb 14, 2025 9:00 PM","Feb 14, 2025 10:00 PM","43,872.75"
"Feb 14, 2025 10:00 PM","Feb 14, 2025 11:00 PM","43,000.75"
"Feb 14, 2025 11:00 PM","Feb 15, 2025 12:00 AM","41,560.50"
"Feb 15, 2025 12:00 AM","Feb 15, 2025 1:00 AM","39,587.25"
"Feb 15, 2025 1:00 AM","Feb 15, 2025 2:00 AM","38,245.50"
"Feb 15, 2025 2:00 AM","Feb 15, 2025 3:00 AM","38,191.00"
"Feb 15, 2025 3:00 AM","Feb 15, 2025 4:00 AM","38,236.75"
"Feb 15, 2025 4:00 AM","Feb 15, 2025 5:00 AM","38,236.25"
"Feb 15, 2025 5:00 AM","Feb 15, 2025 6:00 AM","38,679.25"
"Feb 15, 2025 6:00 AM","Feb 15, 2025 7:00 AM","39,518.50"
"Feb 15, 2025 7:00 AM","Feb 15, 2025 8:00 AM","40,482.00"
"Feb 15, 2025 8:00 AM","Feb 15, 2025 9:00 AM","42,725.75"
"Feb 15, 2025 9:00 AM","Feb 15, 2025 10:00 AM","45,994.75"
"Feb 15, 2025 10:00 AM","Feb 15, 2025 11:00 AM","48,121.00"
"Feb 15, 2025 11:00 AM","Feb 15, 2025 12:00 PM","50,654.75"
"Feb 15, 2025 12:00 PM","Feb 15, 2025 1:00 PM","50,836.25"
"Feb 15, 2025 1:00 PM","Feb 15, 2025 2:00 PM","50,107.25"
"Feb 15, 2025 2:00 PM","Feb 15, 2025 3:00 PM","48,539.75"
"Feb 15, 2025 3:00 PM","Feb 15, 2025 4:00 PM","47,030.00"
"Feb 15, 2025 4:00 PM","Feb 15, 2025 5:00 PM","45,915.00"
"Feb 15, 2025 5:00 PM","Feb 15, 2025 6:00 PM","46,048.50"
"Feb 15, 2025 6:00 PM","Feb 15, 2025 7:00 PM","48,056.50"
"Feb 15, 2025 7:00 PM","Feb 15, 2025 8:00 PM","46,120.00"
"Feb 15, 2025 8:00 PM","Feb 15, 2025 9:00 PM","45,064.00"
"Feb 15, 2025 9:00 PM","Feb 15, 2025 10:00 PM","44,340.25"
"Feb 15, 2025 10:00 PM","Feb 15, 2025 11:00 PM","44,013.25"
"Feb 15, 2025 11:00 PM","Feb 16, 2025 12:00 AM","43,116.25"
"Feb 16, 2025 12:00 AM","Feb 16, 2025 1:00 AM","42,584.50"
"Feb 16, 2025 1:00 AM","Feb 16, 2025 2:00 AM","42,730.00"
"Feb 16, 2025 2:00 AM","Feb 16, 2025 3:00 AM","43,463.50"
"Feb 16, 2025 3:00 AM","Feb 16, 2025 4:00 AM","44,486.50"
"Feb 16, 2025 4:00 AM","Feb 16, 2025 5:00 AM","45,633.50"
"Feb 16, 2025 5:00 AM","Feb 16, 2025 6:00 AM","47,316.50"
"Feb 16, 2025 6:00 AM","Feb 16, 2025 7:00 AM","47,439.25"
"Feb 16, 2025 7:00 AM","Feb 16, 2025 8:00 AM","47,859.25"
"Feb 16, 2025 8:00 AM","Feb 16, 2025 9:00 AM","49,155.75"
"Feb 16, 2025 9:00 AM","Feb 16, 2025 10:00 AM","51,144.00"
"Feb 16, 2025 10:00 AM","Feb 16, 2025 11:00 AM","54,754.25"
"Feb 16, 2025 11:00 AM","Feb 16, 2025 12:00 PM","55,371.25"
"Feb 16, 2025 12:00 PM","Feb 16, 2025 1:00 PM","55,460.50"
"Feb 16, 2025 1:00 PM","Feb 16, 2025 2:00 PM","52,069.75"
"Feb 16, 2025 2:00 PM","Feb 16, 2025 3:00 PM","49,092.75"
"Feb 16, 2025 3:00 PM","Feb 16, 2025 4:00 PM","48,069.50"
"Feb 16, 2025 4:00 PM","Feb 16, 2025 5:00 PM","47,809.00"
"Feb 16, 2025 5:00 PM","Feb 16, 2025 6:00 PM","49,198.25"
"Feb 16, 2025 6:00 PM","Feb 16, 2025 7:00 PM","52,241.25"
"Feb 16, 2025 7:00 PM","Feb 16, 2025 8:00 PM","51,637.75"
"Feb 16, 2025 8:00 PM","Feb 16, 2025 9:00 PM","50,388.50"
"Feb 16, 2025 9:00 PM","Feb 16, 2025 10:00 PM","48,735.50"
"Feb 16, 2025 10:00 PM","Feb 16, 2025 11:00 PM","47,913.00"
"Feb 16, 2025 11:00 PM","Feb 17, 2025 12:00 AM","46,344.75"
"Feb 17, 2025 12:00 AM","Feb 17, 2025 1:00 AM","44,596.50"
"Feb 17, 2025 1:00 AM","Feb 17, 2025 2:00 AM","43,772.50"
"Feb 17, 2025 2:00 AM","Feb 17, 2025 3:00 AM","43,298.75"
"Feb 17, 2025 3:00 AM","Feb 17, 2025 4:00 AM","43,220.75"
"Feb 17, 2025 4:00 AM","Feb 17, 2025 5:00 AM","44,019.75"
"Feb 17, 2025 5:00 AM","Feb 17, 2025 6:00 AM","46,757.75"
"Feb 17, 2025 6:00 AM","Feb 17, 2025 7:00 AM","51,271.25"
"Feb 17, 2025 7:00 AM","Feb 17, 2025 8:00 AM","56,598.00"
"Feb 17, 2025 8:00 AM","Feb 17, 2025 9:00 AM","61,198.00"
"Feb 17, 2025 9:00 AM","Feb 17, 2025 10:00 AM","63,745.75"
"Feb 17, 2025 10:00 AM","Feb 17, 2025 11:00 AM","67,676.25"
"Feb 17, 2025 11:00 AM","Feb 17, 2025 12:00 PM","69,442.25"
"Feb 17, 2025 12:00 PM","Feb 17, 2025 1:00 PM","68,627.00"
"Feb 17, 2025 1:00 PM","Feb 17, 2025 2:00 PM","67,019.50"
"Feb 17, 2025 2:00 PM","Feb 17, 2025 3:00 PM","63,589.75"
"Feb 17, 2025 3:00 PM","Feb 17, 2025 4:00 PM","59,432.50"
"Feb 17, 2025 4:00 PM","Feb 17, 2025 5:00 PM","57,310.75"
"Feb 17, 2025 5:00 PM","Feb 17, 2025 6:00 PM","56,350.25"
"Feb 17, 2025 6:00 PM","Feb 17, 2025 7:00 PM","58,616.25"
"Feb 17, 2025 7:00 PM","Feb 17, 2025 8:00 PM","58,426.00"
"Feb 17, 2025 8:00 PM","Feb 17, 2025 9:00 PM","55,887.75"
"Feb 17, 2025 9:00 PM","Feb 17, 2025 10:00 PM","52,901.75"
"Feb 17, 2025 10:00 PM","Feb 17, 2025 11:00 PM","50,714.00"
"Feb 17, 2025 11:00 PM","Feb 18, 2025 12:00 AM","48,721.50"
"Feb 18, 2025 12:00 AM","Feb 18, 2025 1:00 AM","46,777.00"
"Feb 18, 2025 1:00 AM","Feb 18, 2025 2:00 AM","45,999.50"
"Feb 18, 2025 2:00 AM","Feb 18, 2025 3:00 AM","46,605.75"
"Feb 18, 2025 3:00 AM","Feb 18, 2025 4:00 AM","46,326.00"
"Feb 18, 2025 4:00 AM","Feb 18, 2025 5:00 AM","47,431.25"
"Feb 18, 2025 5:00 AM","Feb 18, 2025 6:00 AM","49,330.25"
"Feb 18, 2025 6:00 AM","Feb 18, 2025 7:00 AM","53,959.75"
"Feb 18, 2025 7:00 AM","Feb 18, 2025 8:00 AM","60,008.00"
"Feb 18, 2025 8:00 AM","Feb 18, 2025 9:00 AM","65,704.25"
"Feb 18, 2025 9:00 AM","Feb 18, 2025 10:00 AM","68,513.25"
"Feb 18, 2025 10:00 AM","Feb 18, 2025 11:00 AM","71,542.50"
"Feb 18, 2025 11:00 AM","Feb 18, 2025 12:00 PM","74,216.75"
"Feb 18, 2025 12:00 PM","Feb 18, 2025 1:00 PM","73,525.25"
"Feb 18, 2025 1:00 PM","Feb 18, 2025 2:00 PM","71,493.75"
"Feb 18, 2025 2:00 PM","Feb 18, 2025 3:00 PM","69,113.50"
"Feb 18, 2025 3:00 PM","Feb 18, 2025 4:00 PM","63,413.25"
"Feb 18, 2025 4:00 PM","Feb 18, 2025 5:00 PM","57,928.50"
"Feb 18, 2025 5:00 PM","Feb 18, 2025 6:00 PM","58,390.25"
"Feb 18, 2025 6:00 PM","Feb 18, 2025 7:00 PM","61,605.50"
"Feb 18, 2025 7:00 PM","Feb 18, 2025 8:00 PM","62,422.50"
"Feb 18, 2025 8:00 PM","Feb 18, 2025 9:00 PM","60,786.00"
"Feb 18, 2025 9:00 PM","Feb 18, 2025 10:00 PM","59,381.25"
"Feb 18, 2025 10:00 PM","Feb 18, 2025 11:00 PM","58,066.50"
"Feb 18, 2025 11:00 PM","Feb 19, 2025 12:00 AM","56,582.25"
"Feb 19, 2025 12:00 AM","Feb 19, 2025 1:00 AM","56,620.00"
"Feb 19, 2025 1:00 AM","Feb 19, 2025 2:00 AM","56,168.00"
"Feb 19, 2025 2:00 AM","Feb 19, 2025 3:00 AM","56,478.25"
"Feb 19, 2025 3:00 AM","Feb 19, 2025 4:00 AM","56,879.00"
"Feb 19, 2025 4:00 AM","Feb 19, 2025 5:00 AM","57,724.00"
"Feb 19, 2025 5:00 AM","Feb 19, 2025 6:00 AM","59,106.25"
"Feb 19, 2025 6:00 AM","Feb 19, 2025 7:00 AM","62,425.00"
"Feb 19, 2025 7:00 AM","Feb 19, 2025 8:00 AM","66,902.00"
"Feb 19, 2025 8:00 AM","Feb 19, 2025 9:00 AM","72,581.75"
"Feb 19, 2025 9:00 AM","Feb 19, 2025 10:00 AM","76,448.00"
"Feb 19, 2025 10:00 AM","Feb 19, 2025 11:00 AM","79,726.75"
"Feb 19, 2025 11:00 AM","Feb 19, 2025 12:00 PM","82,235.50"
"Feb 19, 2025 12:00 PM","Feb 19, 2025 1:00 PM","82,382.25"
"Feb 19, 2025 1:00 PM","Feb 19, 2025 2:00 PM","80,557.75"
"Feb 19, 2025 2:00 PM","Feb 19, 2025 3:00 PM","77,713.25"
"Feb 19, 2025 3:00 PM","Feb 19, 2025 4:00 PM","73,501.50"
"Feb 19, 2025 4:00 PM","Feb 19, 2025 5:00 PM","67,067.50"
"Feb 19, 2025 5:00 PM","Feb 19, 2025 6:00 PM","67,327.00"
"Feb 19, 2025 6:00 PM","Feb 19, 2025 7:00 PM","71,026.00"
"Feb 19, 2025 7:00 PM","Feb 19, 2025 8:00 PM","73,834.00"
"Feb 19, 2025 8:00 PM","Feb 19, 2025 9:00 PM","69,973.50"
"Feb 19, 2025 9:00 PM","Feb 19, 2025 10:00 PM","68,090.00"
"Feb 19, 2025 10:00 PM","Feb 19, 2025 11:00 PM","64,586.00"
"Feb 19, 2025 11:00 PM","Feb 20, 2025 12:00 AM","62,767.75"
"Feb 20, 2025 12:00 AM","Feb 20, 2025 1:00 AM","60,419.50"
"Feb 20, 2025 1:00 AM","Feb 20, 2025 2:00 AM","59,238.75"
"Feb 20, 2025 2:00 AM","Feb 20, 2025 3:00 AM","57,723.00"
"Feb 20, 2025 3:00 AM","Feb 20, 2025 4:00 AM","57,279.50"
"Feb 20, 2025 4:00 AM","Feb 20, 2025 5:00 AM","57,193.50"
"Feb 20, 2025 5:00 AM","Feb 20, 2025 6:00 AM","57,744.50"
"Feb 20, 2025 6:00 AM","Feb 20, 2025 7:00 AM","60,925.00"
"Feb 20, 2025 7:00 AM","Feb 20, 2025 8:00 AM","65,505.00"
"Feb 20, 2025 8:00 AM","Feb 20, 2025 9:00 AM","69,496.50"
"Feb 20, 2025 9:00 AM","Feb 20, 2025 10:00 AM","69,670.00"
"Feb 20, 2025 10:00 AM","Feb 20, 2025 11:00 AM","70,505.50"
"Feb 20, 2025 11:00 AM","Feb 20, 2025 12:00 PM","70,366.25"
"Feb 20, 2025 12:00 PM","Feb 20, 2025 1:00 PM","70,137.00"
"Feb 20, 2025 1:00 PM","Feb 20, 2025 2:00 PM","68,563.50"
"Feb 20, 2025 2:00 PM","Feb 20, 2025 3:00 PM","67,118.25"
"Feb 20, 2025 3:00 PM","Feb 20, 2025 4:00 PM","63,674.25"
"Feb 20, 2025 4:00 PM","Feb 20, 2025 5:00 PM","60,455.00"
"Feb 20, 2025 5:00 PM","Feb 20, 2025 6:00 PM","61,819.75"
"Feb 20, 2025 6:00 PM","Feb 20, 2025 7:00 PM","66,420.50"
"Feb 20, 2025 7:00 PM","Feb 20, 2025 8:00 PM","68,556.00"
"Feb 20, 2025 8:00 PM","Feb 20, 2025 9:00 PM","64,371.75"
"Feb 20, 2025 9:00 PM","Feb 20, 2025 10:00 PM","61,668.25"
"Feb 20, 2025 10:00 PM","Feb 20, 2025 11:00 PM","58,761.75"
"Feb 20, 2025 11:00 PM","Feb 21, 2025 12:00 AM","56,263.25"
"Feb 21, 2025 12:00 AM","Feb 21, 2025 1:00 AM","53,383.50"
"Feb 21, 2025 1:00 AM","Feb 21, 2025 2:00 AM","52,078.50"
"Feb 21, 2025 2:00 AM","Feb 21, 2025 3:00 AM","50,732.75"
"Feb 21, 2025 3:00 AM","Feb 21, 2025 4:00 AM","49,300.25"
"Feb 21, 2025 4:00 AM","Feb 21, 2025 5:00 AM","48,636.75"
"Feb 21, 2025 5:00 AM","Feb 21, 2025 6:00 AM","49,482.00"
"Feb 21, 2025 6:00 AM","Feb 21, 2025 7:00 AM","52,375.75"
"Feb 21, 2025 7:00 AM","Feb 21, 2025 8:00 AM","57,015.75"
"Feb 21, 2025 8:00 AM","Feb 21, 2025 9:00 AM","60,477.50"
"Feb 21, 2025 9:00 AM","Feb 21, 2025 10:00 AM","62,201.75"
"Feb 21, 2025 10:00 AM","Feb 21, 2025 11:00 AM","63,077.75"
"Feb 21, 2025 11:00 AM","Feb 21, 2025 12:00 PM","63,996.25"
"Feb 21, 2025 12:00 PM","Feb 21, 2025 1:00 PM","64,804.50"
"Feb 21, 2025 1:00 PM","Feb 21, 2025 2:00 PM","64,700.50"
"Feb 21, 2025 2:00 PM","Feb 21, 2025 3:00 PM","62,711.25"
"Feb 21, 2025 3:00 PM","Feb 21, 2025 4:00 PM","58,259.00"
"Feb 21, 2025 4:00 PM","Feb 21, 2025 5:00 PM","56,711.25"
"Feb 21, 2025 5:00 PM","Feb 21, 2025 6:00 PM","59,188.50"
"Feb 21, 2025 6:00 PM","Feb 21, 2025 7:00 PM","64,045.50"
"Feb 21, 2025 7:00 PM","Feb 21, 2025 8:00 PM","63,528.00"
"Feb 21, 2025 8:00 PM","Feb 21, 2025 9:00 PM","60,933.00"
"Feb 21, 2025 9:00 PM","Feb 21, 2025 10:00 PM","57,969.75"
"Feb 21, 2025 10:00 PM","Feb 21, 2025 11:00 PM","54,924.50"
"Feb 21, 2025 11:00 PM","Feb 22, 2025 12:00 AM","52,964.75"
"Feb 22, 2025 12:00 AM","Feb 22, 2025 1:00 AM","51,927.25"
"Feb 22, 2025 1:00 AM","Feb 22, 2025 2:00 AM","51,047.50"
"Feb 22, 2025 2:00 AM","Feb 22, 2025 3:00 AM","50,245.50"
"Feb 22, 2025 3:00 AM","Feb 22, 2025 4:00 AM","49,840.25"
"Feb 22, 2025 4:00 AM","Feb 22, 2025 5:00 AM","49,511.75"
"Feb 22, 2025 5:00 AM","Feb 22, 2025 6:00 AM","49,135.75"
"Feb 22, 2025 6:00 AM","Feb 22, 2025 7:00 AM","49,829.00"
"Feb 22, 2025 7:00 AM","Feb 22, 2025 8:00 AM","50,818.50"
"Feb 22, 2025 8:00 AM","Feb 22, 2025 9:00 AM","55,576.25"
"Feb 22, 2025 9:00 AM","Feb 22, 2025 10:00 AM","58,965.50"
"Feb 22, 2025 10:00 AM","Feb 22, 2025 11:00 AM","61,416.50"
"Feb 22, 2025 11:00 AM","Feb 22, 2025 12:00 PM","62,537.25"
"Feb 22, 2025 12:00 PM","Feb 22, 2025 1:00 PM","61,385.00"
"Feb 22, 2025 1:00 PM","Feb 22, 2025 2:00 PM","58,558.00"
"Feb 22, 2025 2:00 PM","Feb 22, 2025 3:00 PM","54,009.00"
"Feb 22, 2025 3:00 PM","Feb 22, 2025 4:00 PM","51,828.50"
"Feb 22, 2025 4:00 PM","Feb 22, 2025 5:00 PM","52,138.50"
"Feb 22, 2025 5:00 PM","Feb 22, 2025 6:00 PM","52,567.25"
"Feb 22, 2025 6:00 PM","Feb 22, 2025 7:00 PM","54,463.00"
"Feb 22, 2025 7:00 PM","Feb 22, 2025 8:00 PM","55,592.25"
"Feb 22, 2025 8:00 PM","Feb 22, 2025 9:00 PM","53,328.75"
"Feb 22, 2025 9:00 PM","Feb 22, 2025 10:00 PM","51,050.00"
"Feb 22, 2025 10:00 PM","Feb 22, 2025 11:00 PM","50,332.00"
"Feb 22, 2025 11:00 PM","Feb 23, 2025 12:00 AM","48,233.00"
"Feb 23, 2025 12:00 AM","Feb 23, 2025 1:00 AM","44,927.00"
"Feb 23, 2025 1:00 AM","Feb 23, 2025 2:00 AM","41,929.50"
"Feb 23, 2025 2:00 AM","Feb 23, 2025 3:00 AM","39,785.75"
"Feb 23, 2025 3:00 AM","Feb 23, 2025 4:00 AM","38,692.00"
"Feb 23, 2025 4:00 AM","Feb 23, 2025 5:00 AM","38,744.25"
"Feb 23, 2025 5:00 AM","Feb 23, 2025 6:00 AM","38,083.75"
"Feb 23, 2025 6:00 AM","Feb 23, 2025 7:00 AM","38,033.25"
"Feb 23, 2025 7:00 AM","Feb 23, 2025 8:00 AM","38,939.00"
"Feb 23, 2025 8:00 AM","Feb 23, 2025 9:00 AM","41,647.25"
"Feb 23, 2025 9:00 AM","Feb 23, 2025 10:00 AM","44,807.25"
"Feb 23, 2025 10:00 AM","Feb 23, 2025 11:00 AM","49,737.50"
"Feb 23, 2025 11:00 AM","Feb 23, 2025 12:00 PM","52,845.75"
"Feb 23, 2025 12:00 PM","Feb 23, 2025 1:00 PM","54,397.00"
"Feb 23, 2025 1:00 PM","Feb 23, 2025 2:00 PM","53,939.50"
"Feb 23, 2025 2:00 PM","Feb 23, 2025 3:00 PM","50,715.25"
"Feb 23, 2025 3:00 PM","Feb 23, 2025 4:00 PM","45,504.75"
"Feb 23, 2025 4:00 PM","Feb 23, 2025 5:00 PM","41,721.00"
"Feb 23, 2025 5:00 PM","Feb 23, 2025 6:00 PM","42,901.75"
"Feb 23, 2025 6:00 PM","Feb 23, 2025 7:00 PM","44,827.25"
"Feb 23, 2025 7:00 PM","Feb 23, 2025 8:00 PM","47,775.25"
"Feb 23, 2025 8:00 PM","Feb 23, 2025 9:00 PM","47,829.25"
"Feb 23, 2025 9:00 PM","Feb 23, 2025 10:00 PM","47,537.25"
"Feb 23, 2025 10:00 PM","Feb 23, 2025 11:00 PM","47,162.50"
"Feb 23, 2025 11:00 PM","Feb 24, 2025 12:00 AM","46,452.75"
"Feb 24, 2025 12:00 AM","Feb 24, 2025 1:00 AM","46,657.75"
"Feb 24, 2025 1:00 AM","Feb 24, 2025 2:00 AM","46,171.25"
"Feb 24, 2025 2:00 AM","Feb 24, 2025 3:00 AM","46,200.75"
"Feb 24, 2025 3:00 AM","Feb 24, 2025 4:00 AM","47,623.75"
"Feb 24, 2025 4:00 AM","Feb 24, 2025 5:00 AM","49,848.25"
"Feb 24, 2025 5:00 AM","Feb 24, 2025 6:00 AM","51,963.75"
"Feb 24, 2025 6:00 AM","Feb 24, 2025 7:00 AM","56,517.50"
"Feb 24, 2025 7:00 AM","Feb 24, 2025 8:00 AM","61,076.75"
"Feb 24, 2025 8:00 AM","Feb 24, 2025 9:00 AM","67,737.50"
"Feb 24, 2025 9:00 AM","Feb 24, 2025 10:00 AM","70,368.50"
"Feb 24, 2025 10:00 AM","Feb 24, 2025 11:00 AM","71,664.00"
"Feb 24, 2025 11:00 AM","Feb 24, 2025 12:00 PM","72,649.75"
"Feb 24, 2025 12:00 PM","Feb 24, 2025 1:00 PM","72,717.75"
"Feb 24, 2025 1:00 PM","Feb 24, 2025 2:00 PM","70,628.00"
"Feb 24, 2025 2:00 PM","Feb 24, 2025 3:00 PM","67,096.75"
"Feb 24, 2025 3:00 PM","Feb 24, 2025 4:00 PM","64,187.00"
"Feb 24, 2025 4:00 PM","Feb 24, 2025 5:00 PM","61,552.50"
"Feb 24, 2025 5:00 PM","Feb 24, 2025 6:00 PM","61,374.25"
"Feb 24, 2025 6:00 PM","Feb 24, 2025 7:00 PM","64,766.00"
"Feb 24, 2025 7:00 PM","Feb 24, 2025 8:00 PM","63,955.00"
"Feb 24, 2025 8:00 PM","Feb 24, 2025 9:00 PM","60,966.50"
"Feb 24, 2025 9:00 PM","Feb 24, 2025 10:00 PM","57,079.00"
"Feb 24, 2025 10:00 PM","Feb 24, 2025 11:00 PM","53,613.75"
"Feb 24, 2025 11:00 PM","Feb 25, 2025 12:00 AM","50,893.50"
"Feb 25, 2025 12:00 AM","Feb 25, 2025 1:00 AM","49,165.25"
"Feb 25, 2025 1:00 AM","Feb 25, 2025 2:00 AM","47,313.00"
"Feb 25, 2025 2:00 AM","Feb 25, 2025 3:00 AM","45,439.50"
"Feb 25, 2025 3:00 AM","Feb 25, 2025 4:00 AM","43,801.75"
"Feb 25, 2025 4:00 AM","Feb 25, 2025 5:00 AM","42,954.00"
"Feb 25, 2025 5:00 AM","Feb 25, 2025 6:00 AM","44,100.25"
"Feb 25, 2025 6:00 AM","Feb 25, 2025 7:00 AM","47,195.75"
"Feb 25, 2025 7:00 AM","Feb 25, 2025 8:00 AM","50,441.50"
"Feb 25, 2025 8:00 AM","Feb 25, 2025 9:00 AM","52,489.25"
"Feb 25, 2025 9:00 AM","Feb 25, 2025 10:00 AM","55,856.50"
"Feb 25, 2025 10:00 AM","Feb 25, 2025 11:00 AM","59,804.00"
"Feb 25, 2025 11:00 AM","Feb 25, 2025 12:00 PM","61,269.50"
"Feb 25, 2025 12:00 PM","Feb 25, 2025 1:00 PM","60,640.75"
"Feb 25, 2025 1:00 PM","Feb 25, 2025 2:00 PM","57,655.75"
"Feb 25, 2025 2:00 PM","Feb 25, 2025 3:00 PM","54,183.75"
"Feb 25, 2025 3:00 PM","Feb 25, 2025 4:00 PM","50,841.75"
"Feb 25, 2025 4:00 PM","Feb 25, 2025 5:00 PM","49,367.00"
"Feb 25, 2025 5:00 PM","Feb 25, 2025 6:00 PM","49,568.25"
"Feb 25, 2025 6:00 PM","Feb 25, 2025 7:00 PM","50,853.25"
"Feb 25, 2025 7:00 PM","Feb 25, 2025 8:00 PM","49,981.25"
"Feb 25, 2025 8:00 PM","Feb 25, 2025 9:00 PM","47,642.75"
"Feb 25, 2025 9:00 PM","Feb 25, 2025 10:00 PM","45,445.50"
"Feb 25, 2025 10:00 PM","Feb 25, 2025 11:00 PM","44,687.25"
"Feb 25, 2025 11:00 PM","Feb 26, 2025 12:00 AM","43,833.75"
"Feb 26, 2025 12:00 AM","Feb 26, 2025 1:00 AM","41,912.00"
"Feb 26, 2025 1:00 AM","Feb 26, 2025 2:00 AM","41,274.50"
"Feb 26, 2025 2:00 AM","Feb 26, 2025 3:00 AM","41,721.00"
"Feb 26, 2025 3:00 AM","Feb 26, 2025 4:00 AM","42,134.75"
"Feb 26, 2025 4:00 AM","Feb 26, 2025 5:00 AM","43,437.75"
"Feb 26, 2025 5:00 AM","Feb 26, 2025 6:00 AM","45,478.25"
"Feb 26, 2025 6:00 AM","Feb 26, 2025 7:00 AM","49,027.50"
"Feb 26, 2025 7:00 AM","Feb 26, 2025 8:00 AM","51,937.50"
"Feb 26, 2025 8:00 AM","Feb 26, 2025 9:00 AM","55,448.00"
"Feb 26, 2025 9:00 AM","Feb 26, 2025 10:00 AM","55,574.25"
"Feb 26, 2025 10:00 AM","Feb 26, 2025 11:00 AM","56,769.75"
"Feb 26, 2025 11:00 AM","Feb 26, 2025 12:00 PM","57,893.75"
"Feb 26, 2025 12:00 PM","Feb 26, 2025 1:00 PM","57,560.00"
"Feb 26, 2025 1:00 PM","Feb 26, 2025 2:00 PM","57,987.50"
"Feb 26, 2025 2:00 PM","Feb 26, 2025 3:00 PM","56,956.00"
"Feb 26, 2025 3:00 PM","Feb 26, 2025 4:00 PM","55,213.00"
"Feb 26, 2025 4:00 PM","Feb 26, 2025 5:00 PM","53,200.50"
"Feb 26, 2025 5:00 PM","Feb 26, 2025 6:00 PM","52,163.50"
"Feb 26, 2025 6:00 PM","Feb 26, 2025 7:00 PM","53,613.25"
"Feb 26, 2025 7:00 PM","Feb 26, 2025 8:00 PM","54,408.75"
"Feb 26, 2025 8:00 PM","Feb 26, 2025 9:00 PM","54,483.00"
"Feb 26, 2025 9:00 PM","Feb 26, 2025 10:00 PM","53,411.75"
"Feb 26, 2025 10:00 PM","Feb 26, 2025 11:00 PM","53,028.25"
"Feb 26, 2025 11:00 PM","Feb 27, 2025 12:00 AM","51,576.75"
"Feb 27, 2025 12:00 AM","Feb 27, 2025 1:00 AM","50,885.00"
"Feb 27, 2025 1:00 AM","Feb 27, 2025 2:00 AM","51,277.25"
"Feb 27, 2025 2:00 AM","Feb 27, 2025 3:00 AM","50,988.75"
"Feb 27, 2025 3:00 AM","Feb 27, 2025 4:00 AM","50,389.25"
"Feb 27, 2025 4:00 AM","Feb 27, 2025 5:00 AM","50,111.25"
"Feb 27, 2025 5:00 AM","Feb 27, 2025 6:00 AM","50,268.50"
"Feb 27, 2025 6:00 AM","Feb 27, 2025 7:00 AM","53,646.00"
"Feb 27, 2025 7:00 AM","Feb 27, 2025 8:00 AM","56,894.00"
"Feb 27, 2025 8:00 AM","Feb 27, 2025 9:00 AM","59,428.25"
"Feb 27, 2025 9:00 AM","Feb 27, 2025 10:00 AM","60,569.25"
"Feb 27, 2025 10:00 AM","Feb 27, 2025 11:00 AM","61,605.25"
"Feb 27, 2025 11:00 AM","Feb 27, 2025 12:00 PM","61,405.75"
"Feb 27, 2025 12:00 PM","Feb 27, 2025 1:00 PM","61,269.75"
"Feb 27, 2025 1:00 PM","Feb 27, 2025 2:00 PM","59,901.50"
"Feb 27, 2025 2:00 PM","Feb 27, 2025 3:00 PM","57,958.75"
"Feb 27, 2025 3:00 PM","Feb 27, 2025 4:00 PM","55,607.25"
"Feb 27, 2025 4:00 PM","Feb 27, 2025 5:00 PM","52,912.75"
"Feb 27, 2025 5:00 PM","Feb 27, 2025 6:00 PM","51,694.00"
"Feb 27, 2025 6:00 PM","Feb 27, 2025 7:00 PM","52,383.50"
"Feb 27, 2025 7:00 PM","Feb 27, 2025 8:00 PM","52,947.75"
"Feb 27, 2025 8:00 PM","Feb 27, 2025 9:00 PM","50,321.00"
"Feb 27, 2025 9:00 PM","Feb 27, 2025 10:00 PM","48,226.75"
"Feb 27, 2025 10:00 PM","Feb 27, 2025 11:00 PM","47,114.00"
"Feb 27, 2025 11:00 PM","Feb 28, 2025 12:00 AM","44,866.00"
"Feb 28, 2025 12:00 AM","Feb 28, 2025 1:00 AM","45,394.00"
"Feb 28, 2025 1:00 AM","Feb 28, 2025 2:00 AM","45,131.75"
"Feb 28, 2025 2:00 AM","Feb 28, 2025 3:00 AM","44,536.50"
"Feb 28, 2025 3:00 AM","Feb 28, 2025 4:00 AM","44,578.75"
"Feb 28, 2025 4:00 AM","Feb 28, 2025 5:00 AM","45,368.75"
"Feb 28, 2025 5:00 AM","Feb 28, 2025 6:00 AM","45,842.50"
"Feb 28, 2025 6:00 AM","Feb 28, 2025 7:00 AM","48,045.25"
"Feb 28, 2025 7:00 AM","Feb 28, 2025 8:00 AM","51,314.25"
"Feb 28, 2025 8:00 AM","Feb 28, 2025 9:00 AM","55,329.50"
"Feb 28, 2025 9:00 AM","Feb 28, 2025 10:00 AM","55,926.25"
"Feb 28, 2025 10:00 AM","Feb 28, 2025 11:00 AM","55,675.75"
"Feb 28, 2025 11:00 AM","Feb 28, 2025 12:00 PM","56,813.25"
"Feb 28, 2025 12:00 PM","Feb 28, 2025 1:00 PM","57,744.50"
"Feb 28, 2025 1:00 PM","Feb 28, 2025 2:00 PM","57,859.75"
"Feb 28, 2025 2:00 PM","Feb 28, 2025 3:00 PM","57,392.50"
"Feb 28, 2025 3:00 PM","Feb 28, 2025 4:00 PM","55,669.75"
"Feb 28, 2025 4:00 PM","Feb 28, 2025 5:00 PM","53,009.25"
"Feb 28, 2025 5:00 PM","Feb 28, 2025 6:00 PM","52,787.00"
"Feb 28, 2025 6:00 PM","Feb 28, 2025 7:00 PM","53,731.50"
"Feb 28, 2025 7:00 PM","Feb 28, 2025 8:00 PM","54,185.50"
"Feb 28, 2025 8:00 PM","Feb 28, 2025 9:00 PM","51,656.75"
"Feb 28, 2025 9:00 PM","Feb 28, 2025 10:00 PM","47,953.75"
"Feb 28, 2025 10:00 PM","Feb 28, 2025 11:00 PM","45,887.75"
"Feb 28, 2025 11:00 PM","Mar 1, 2025 12:00 AM","43,292.25"
"Mar 1, 2025 12:00 AM","Mar 1, 2025 1:00 AM","40,668.75"
"Mar 1, 2025 1:00 AM","Mar 1, 2025 2:00 AM","38,884.00"
"Mar 1, 2025 2:00 AM","Mar 1, 2025 3:00 AM","37,858.00"
"Mar 1, 2025 3:00 AM","Mar 1, 2025 4:00 AM","37,750.00"
"Mar 1, 2025 4:00 AM","Mar 1, 2025 5:00 AM","37,605.50"
"Mar 1, 2025 5:00 AM","Mar 1, 2025 6:00 AM","37,740.75"
"Mar 1, 2025 6:00 AM","Mar 1, 2025 7:00 AM","38,108.75"
"Mar 1, 2025 7:00 AM","Mar 1, 2025 8:00 AM","39,176.75"
"Mar 1, 2025 8:00 AM","Mar 1, 2025 9:00 AM","42,759.50"
"Mar 1, 2025 9:00 AM","Mar 1, 2025 10:00 AM","45,674.50"
"Mar 1, 2025 10:00 AM","Mar 1, 2025 11:00 AM","48,657.50"
"Mar 1, 2025 11:00 AM","Mar 1, 2025 12:00 PM","51,432.00"
"Mar 1, 2025 12:00 PM","Mar 1, 2025 1:00 PM","53,873.75"
"Mar 1, 2025 1:00 PM","Mar 1, 2025 2:00 PM","54,277.75"
"Mar 1, 2025 2:00 PM","Mar 1, 2025 3:00 PM","52,451.50"
"Mar 1, 2025 3:00 PM","Mar 1, 2025 4:00 PM","49,537.00"
"Mar 1, 2025 4:00 PM","Mar 1, 2025 5:00 PM","47,302.75"
"Mar 1, 2025 5:00 PM","Mar 1, 2025 6:00 PM","46,108.25"
"Mar 1, 2025 6:00 PM","Mar 1, 2025 7:00 PM","48,712.25"
"Mar 1, 2025 7:00 PM","Mar 1, 2025 8:00 PM","48,038.50"
"Mar 1, 2025 8:00 PM","Mar 1, 2025 9:00 PM","47,512.25"
"Mar 1, 2025 9:00 PM","Mar 1, 2025 10:00 PM","45,488.75"
"Mar 1, 2025 10:00 PM","Mar 1, 2025 11:00 PM","44,599.75"
"Mar 1, 2025 11:00 PM","Mar 2, 2025 12:00 AM","43,990.50"
"Mar 2, 2025 12:00 AM","Mar 2, 2025 1:00 AM","43,204.00"
"Mar 2, 2025 1:00 AM","Mar 2, 2025 2:00 AM","41,649.25"
"Mar 2, 2025 2:00 AM","Mar 2, 2025 3:00 AM","41,807.25"
"Mar 2, 2025 3:00 AM","Mar 2, 2025 4:00 AM","40,898.50"
"Mar 2, 2025 4:00 AM","Mar 2, 2025 5:00 AM","41,087.50"
"Mar 2, 2025 5:00 AM","Mar 2, 2025 6:00 AM","41,942.00"
"Mar 2, 2025 6:00 AM","Mar 2, 2025 7:00 AM","41,766.50"
"Mar 2, 2025 7:00 AM","Mar 2, 2025 8:00 AM","43,198.00"
"Mar 2, 2025 8:00 AM","Mar 2, 2025 9:00 AM","49,602.75"
"Mar 2, 2025 9:00 AM","Mar 2, 2025 10:00 AM","54,474.25"
"Mar 2, 2025 10:00 AM","Mar 2, 2025 11:00 AM","56,734.75"
"Mar 2, 2025 11:00 AM","Mar 2, 2025 12:00 PM","60,709.25"
"Mar 2, 2025 12:00 PM","Mar 2, 2025 1:00 PM","62,473.50"
"Mar 2, 2025 1:00 PM","Mar 2, 2025 2:00 PM","60,852.00"
"Mar 2, 2025 2:00 PM","Mar 2, 2025 3:00 PM","56,583.00"
"Mar 2, 2025 3:00 PM","Mar 2, 2025 4:00 PM","51,489.00"
"Mar 2, 2025 4:00 PM","Mar 2, 2025 5:00 PM","48,053.00"
"Mar 2, 2025 5:00 PM","Mar 2, 2025 6:00 PM","46,051.50"
"Mar 2, 2025 6:00 PM","Mar 2, 2025 7:00 PM","48,839.75"
"Mar 2, 2025 7:00 PM","Mar 2, 2025 8:00 PM","49,883.75"
"Mar 2, 2025 8:00 PM","Mar 2, 2025 9:00 PM","49,455.25"
"Mar 2, 2025 9:00 PM","Mar 2, 2025 10:00 PM","49,012.50"
"Mar 2, 2025 10:00 PM","Mar 2, 2025 11:00 PM","49,259.25"
"Mar 2, 2025 11:00 PM","Mar 3, 2025 12:00 AM","47,928.75"
"Mar 3, 2025 12:00 AM","Mar 3, 2025 1:00 AM","47,885.75"
"Mar 3, 2025 1:00 AM","Mar 3, 2025 2:00 AM","47,340.50"
"Mar 3, 2025 2:00 AM","Mar 3, 2025 3:00 AM","47,543.75"
"Mar 3, 2025 3:00 AM","Mar 3, 2025 4:00 AM","47,844.75"
"Mar 3, 2025 4:00 AM","Mar 3, 2025 5:00 AM","48,109.25"
"Mar 3, 2025 5:00 AM","Mar 3, 2025 6:00 AM","50,566.50"
"Mar 3, 2025 6:00 AM","Mar 3, 2025 7:00 AM","55,541.00"
"Mar 3, 2025 7:00 AM","Mar 3, 2025 8:00 AM","60,838.25"
"Mar 3, 2025 8:00 AM","Mar 3, 2025 9:00 AM","67,211.50"
"Mar 3, 2025 9:00 AM","Mar 3, 2025 10:00 AM","70,558.00"
"Mar 3, 2025 10:00 AM","Mar 3, 2025 11:00 AM","72,213.50"
"Mar 3, 2025 11:00 AM","Mar 3, 2025 12:00 PM","72,885.50"
"Mar 3, 2025 12:00 PM","Mar 3, 2025 1:00 PM","72,589.00"
"Mar 3, 2025 1:00 PM","Mar 3, 2025 2:00 PM","70,612.00"
"Mar 3, 2025 2:00 PM","Mar 3, 2025 3:00 PM","67,506.00"
"Mar 3, 2025 3:00 PM","Mar 3, 2025 4:00 PM","63,098.25"
"Mar 3, 2025 4:00 PM","Mar 3, 2025 5:00 PM","57,063.50"
"Mar 3, 2025 5:00 PM","Mar 3, 2025 6:00 PM","53,510.75"
"Mar 3, 2025 6:00 PM","Mar 3, 2025 7:00 PM","53,627.25"
"Mar 3, 2025 7:00 PM","Mar 3, 2025 8:00 PM","54,061.75"
"Mar 3, 2025 8:00 PM","Mar 3, 2025 9:00 PM","53,582.75"
"Mar 3, 2025 9:00 PM","Mar 3, 2025 10:00 PM","51,520.50"
"Mar 3, 2025 10:00 PM","Mar 3, 2025 11:00 PM","49,499.75"
"Mar 3, 2025 11:00 PM","Mar 4, 2025 12:00 AM","47,667.25"
"Mar 4, 2025 12:00 AM","Mar 4, 2025 1:00 AM","45,559.50"
"Mar 4, 2025 1:00 AM","Mar 4, 2025 2:00 AM","44,875.50"
"Mar 4, 2025 2:00 AM","Mar 4, 2025 3:00 AM","44,114.00"
"Mar 4, 2025 3:00 AM","Mar 4, 2025 4:00 AM","43,681.50"
"Mar 4, 2025 4:00 AM","Mar 4, 2025 5:00 AM","43,762.25"
"Mar 4, 2025 5:00 AM","Mar 4, 2025 6:00 AM","45,926.00"
"Mar 4, 2025 6:00 AM","Mar 4, 2025 7:00 AM","50,824.50"
"Mar 4, 2025 7:00 AM","Mar 4, 2025 8:00 AM","55,812.00"
"Mar 4, 2025 8:00 AM","Mar 4, 2025 9:00 AM","60,485.00"
"Mar 4, 2025 9:00 AM","Mar 4, 2025 10:00 AM","65,683.75"
"Mar 4, 2025 10:00 AM","Mar 4, 2025 11:00 AM","70,780.25"
"Mar 4, 2025 11:00 AM","Mar 4, 2025 12:00 PM","71,839.25"
"Mar 4, 2025 12:00 PM","Mar 4, 2025 1:00 PM","72,679.25"
"Mar 4, 2025 1:00 PM","Mar 4, 2025 2:00 PM","71,083.00"
"Mar 4, 2025 2:00 PM","Mar 4, 2025 3:00 PM","66,178.00"
"Mar 4, 2025 3:00 PM","Mar 4, 2025 4:00 PM","62,041.25"
"Mar 4, 2025 4:00 PM","Mar 4, 2025 5:00 PM","55,631.75"
"Mar 4, 2025 5:00 PM","Mar 4, 2025 6:00 PM","51,337.25"
"Mar 4, 2025 6:00 PM","Mar 4, 2025 7:00 PM","53,446.75"
"Mar 4, 2025 7:00 PM","Mar 4, 2025 8:00 PM","55,204.75"
"Mar 4, 2025 8:00 PM","Mar 4, 2025 9:00 PM","54,345.00"
"Mar 4, 2025 9:00 PM","Mar 4, 2025 10:00 PM","54,358.75"
"Mar 4, 2025 10:00 PM","Mar 4, 2025 11:00 PM","53,416.75"
"Mar 4, 2025 11:00 PM","Mar 5, 2025 12:00 AM","53,246.50"
"Mar 5, 2025 12:00 AM","Mar 5, 2025 1:00 AM","52,600.25"
"Mar 5, 2025 1:00 AM","Mar 5, 2025 2:00 AM","51,960.75"
"Mar 5, 2025 2:00 AM","Mar 5, 2025 3:00 AM","52,195.25"
"Mar 5, 2025 3:00 AM","Mar 5, 2025 4:00 AM","52,172.50"
"Mar 5, 2025 4:00 AM","Mar 5, 2025 5:00 AM","53,072.75"
"Mar 5, 2025 5:00 AM","Mar 5, 2025 6:00 AM","54,839.75"
"Mar 5, 2025 6:00 AM","Mar 5, 2025 7:00 AM","58,407.25"
"Mar 5, 2025 7:00 AM","Mar 5, 2025 8:00 AM","64,551.00"
"Mar 5, 2025 8:00 AM","Mar 5, 2025 9:00 AM","70,141.00"
"Mar 5, 2025 9:00 AM","Mar 5, 2025 10:00 AM","71,274.25"
"Mar 5, 2025 10:00 AM","Mar 5, 2025 11:00 AM","73,122.00"
"Mar 5, 2025 11:00 AM","Mar 5, 2025 12:00 PM","74,490.50"
"Mar 5, 2025 12:00 PM","Mar 5, 2025 1:00 PM","73,063.00"
"Mar 5, 2025 1:00 PM","Mar 5, 2025 2:00 PM","70,798.50"
"Mar 5, 2025 2:00 PM","Mar 5, 2025 3:00 PM","68,787.00"
"Mar 5, 2025 3:00 PM","Mar 5, 2025 4:00 PM","63,001.50"
"Mar 5, 2025 4:00 PM","Mar 5, 2025 5:00 PM","58,036.25"
"Mar 5, 2025 5:00 PM","Mar 5, 2025 6:00 PM","54,392.00"
"Mar 5, 2025 6:00 PM","Mar 5, 2025 7:00 PM","57,778.25"
"Mar 5, 2025 7:00 PM","Mar 5, 2025 8:00 PM","59,129.25"
"Mar 5, 2025 8:00 PM","Mar 5, 2025 9:00 PM","57,231.75"
"Mar 5, 2025 9:00 PM","Mar 5, 2025 10:00 PM","55,274.25"
"Mar 5, 2025 10:00 PM","Mar 5, 2025 11:00 PM","52,817.50"
"Mar 5, 2025 11:00 PM","Mar 6, 2025 12:00 AM","51,321.75"
"Mar 6, 2025 12:00 AM","Mar 6, 2025 1:00 AM","49,348.50"
"Mar 6, 2025 1:00 AM","Mar 6, 2025 2:00 AM","48,701.75"
"Mar 6, 2025 2:00 AM","Mar 6, 2025 3:00 AM","48,292.75"
"Mar 6, 2025 3:00 AM","Mar 6, 2025 4:00 AM","47,563.75"
"Mar 6, 2025 4:00 AM","Mar 6, 2025 5:00 AM","47,546.75"
"Mar 6, 2025 5:00 AM","Mar 6, 2025 6:00 AM","48,186.75"
"Mar 6, 2025 6:00 AM","Mar 6, 2025 7:00 AM","51,441.50"
"Mar 6, 2025 7:00 AM","Mar 6, 2025 8:00 AM","55,650.75"
"Mar 6, 2025 8:00 AM","Mar 6, 2025 9:00 AM","60,748.75"
"Mar 6, 2025 9:00 AM","Mar 6, 2025 10:00 AM","62,654.50"
"Mar 6, 2025 10:00 AM","Mar 6, 2025 11:00 AM","62,802.00"
"Mar 6, 2025 11:00 AM","Mar 6, 2025 12:00 PM","65,710.00"
"Mar 6, 2025 12:00 PM","Mar 6, 2025 1:00 PM","65,671.50"
"Mar 6, 2025 1:00 PM","Mar 6, 2025 2:00 PM","63,609.00"
"Mar 6, 2025 2:00 PM","Mar 6, 2025 3:00 PM","59,323.50"
"Mar 6, 2025 3:00 PM","Mar 6, 2025 4:00 PM","54,338.00"
"Mar 6, 2025 4:00 PM","Mar 6, 2025 5:00 PM","50,881.25"
"Mar 6, 2025 5:00 PM","Mar 6, 2025 6:00 PM","47,604.75"
"Mar 6, 2025 6:00 PM","Mar 6, 2025 7:00 PM","48,382.25"
"Mar 6, 2025 7:00 PM","Mar 6, 2025 8:00 PM","49,577.00"
"Mar 6, 2025 8:00 PM","Mar 6, 2025 9:00 PM","49,322.50"
"Mar 6, 2025 9:00 PM","Mar 6, 2025 10:00 PM","47,421.00"
"Mar 6, 2025 10:00 PM","Mar 6, 2025 11:00 PM","46,371.75"
"Mar 6, 2025 11:00 PM","Mar 7, 2025 12:00 AM","44,397.00"
"Mar 7, 2025 12:00 AM","Mar 7, 2025 1:00 AM","42,720.00"
"Mar 7, 2025 1:00 AM","Mar 7, 2025 2:00 AM","42,208.25"
"Mar 7, 2025 2:00 AM","Mar 7, 2025 3:00 AM","41,886.00"
"Mar 7, 2025 3:00 AM","Mar 7, 2025 4:00 AM","41,669.00"
"Mar 7, 2025 4:00 AM","Mar 7, 2025 5:00 AM","42,573.50"
"Mar 7, 2025 5:00 AM","Mar 7, 2025 6:00 AM","43,790.00"
"Mar 7, 2025 6:00 AM","Mar 7, 2025 7:00 AM","46,653.00"
"Mar 7, 2025 7:00 AM","Mar 7, 2025 8:00 AM","50,187.00"
"Mar 7, 2025 8:00 AM","Mar 7, 2025 9:00 AM","56,884.75"
"Mar 7, 2025 9:00 AM","Mar 7, 2025 10:00 AM","59,426.00"
"Mar 7, 2025 10:00 AM","Mar 7, 2025 11:00 AM","58,732.00"
"Mar 7, 2025 11:00 AM","Mar 7, 2025 12:00 PM","60,613.50"
"Mar 7, 2025 12:00 PM","Mar 7, 2025 1:00 PM","61,057.75"
"Mar 7, 2025 1:00 PM","Mar 7, 2025 2:00 PM","59,091.75"
"Mar 7, 2025 2:00 PM","Mar 7, 2025 3:00 PM","54,793.25"
"Mar 7, 2025 3:00 PM","Mar 7, 2025 4:00 PM","51,027.00"
"Mar 7, 2025 4:00 PM","Mar 7, 2025 5:00 PM","47,181.50"
"Mar 7, 2025 5:00 PM","Mar 7, 2025 6:00 PM","44,215.50"
"Mar 7, 2025 6:00 PM","Mar 7, 2025 7:00 PM","44,940.25"
"Mar 7, 2025 7:00 PM","Mar 7, 2025 8:00 PM","45,002.75"
"Mar 7, 2025 8:00 PM","Mar 7, 2025 9:00 PM","43,171.50"
"Mar 7, 2025 9:00 PM","Mar 7, 2025 10:00 PM","40,568.25"
"Mar 7, 2025 10:00 PM","Mar 7, 2025 11:00 PM","39,536.00"
"Mar 7, 2025 11:00 PM","Mar 8, 2025 12:00 AM","37,672.75"
"Mar 8, 2025 12:00 AM","Mar 8, 2025 1:00 AM","36,758.75"
"Mar 8, 2025 1:00 AM","Mar 8, 2025 2:00 AM","34,731.75"
"Mar 8, 2025 2:00 AM","Mar 8, 2025 3:00 AM","33,328.25"
"Mar 8, 2025 3:00 AM","Mar 8, 2025 4:00 AM","33,016.50"
"Mar 8, 2025 4:00 AM","Mar 8, 2025 5:00 AM","32,555.50"
"Mar 8, 2025 5:00 AM","Mar 8, 2025 6:00 AM","33,241.75"
"Mar 8, 2025 6:00 AM","Mar 8, 2025 7:00 AM","33,840.25"
"Mar 8, 2025 7:00 AM","Mar 8, 2025 8:00 AM","37,532.75"
"Mar 8, 2025 8:00 AM","Mar 8, 2025 9:00 AM","44,904.00"
"Mar 8, 2025 9:00 AM","Mar 8, 2025 10:00 AM","49,746.25"
"Mar 8, 2025 10:00 AM","Mar 8, 2025 11:00 AM","53,677.50"
"Mar 8, 2025 11:00 AM","Mar 8, 2025 12:00 PM","57,025.00"
"Mar 8, 2025 12:00 PM","Mar 8, 2025 1:00 PM","57,550.50"
"Mar 8, 2025 1:00 PM","Mar 8, 2025 2:00 PM","55,799.75"
"Mar 8, 2025 2:00 PM","Mar 8, 2025 3:00 PM","52,562.00"
"Mar 8, 2025 3:00 PM","Mar 8, 2025 4:00 PM","46,433.00"
"Mar 8, 2025 4:00 PM","Mar 8, 2025 5:00 PM","43,327.25"
"Mar 8, 2025 5:00 PM","Mar 8, 2025 6:00 PM","43,144.50"
"Mar 8, 2025 6:00 PM","Mar 8, 2025 7:00 PM","46,930.50"
"Mar 8, 2025 7:00 PM","Mar 8, 2025 8:00 PM","49,192.50"
"Mar 8, 2025 8:00 PM","Mar 8, 2025 9:00 PM","50,369.50"
"Mar 8, 2025 9:00 PM","Mar 8, 2025 10:00 PM","49,140.50"
"Mar 8, 2025 10:00 PM","Mar 8, 2025 11:00 PM","46,293.50"
"Mar 8, 2025 11:00 PM","Mar 9, 2025 12:00 AM","43,403.25"
"Mar 9, 2025 12:00 AM","Mar 9, 2025 1:00 AM","39,656.50"
"Mar 9, 2025 1:00 AM","Mar 9, 2025 2:00 AM","37,353.00"
"Mar 9, 2025 2:00 AM","Mar 9, 2025 3:00 AM","36,327.00"
"Mar 9, 2025 3:00 AM","Mar 9, 2025 4:00 AM","35,704.75"
"Mar 9, 2025 4:00 AM","Mar 9, 2025 5:00 AM","35,856.50"
"Mar 9, 2025 5:00 AM","Mar 9, 2025 6:00 AM","36,534.00"
"Mar 9, 2025 6:00 AM","Mar 9, 2025 7:00 AM","36,439.25"
"Mar 9, 2025 7:00 AM","Mar 9, 2025 8:00 AM","37,815.75"
"Mar 9, 2025 8:00 AM","Mar 9, 2025 9:00 AM","42,302.25"
"Mar 9, 2025 9:00 AM","Mar 9, 2025 10:00 AM","48,459.50"
"Mar 9, 2025 10:00 AM","Mar 9, 2025 11:00 AM","53,538.50"
"Mar 9, 2025 11:00 AM","Mar 9, 2025 12:00 PM","56,845.00"
"Mar 9, 2025 12:00 PM","Mar 9, 2025 1:00 PM","57,074.25"
"Mar 9, 2025 1:00 PM","Mar 9, 2025 2:00 PM","54,899.00"
"Mar 9, 2025 2:00 PM","Mar 9, 2025 3:00 PM","51,653.75"
"Mar 9, 2025 3:00 PM","Mar 9, 2025 4:00 PM","44,689.25"
"Mar 9, 2025 4:00 PM","Mar 9, 2025 5:00 PM","39,834.75"
"Mar 9, 2025 5:00 PM","Mar 9, 2025 6:00 PM","37,556.25"
"Mar 9, 2025 6:00 PM","Mar 9, 2025 7:00 PM","40,984.50"
"Mar 9, 2025 7:00 PM","Mar 9, 2025 8:00 PM","41,519.25"
"Mar 9, 2025 8:00 PM","Mar 9, 2025 9:00 PM","40,976.25"
"Mar 9, 2025 9:00 PM","Mar 9, 2025 10:00 PM","37,896.00"
"Mar 9, 2025 10:00 PM","Mar 9, 2025 11:00 PM","37,062.00"
"Mar 9, 2025 11:00 PM","Mar 10, 2025 12:00 AM","35,267.25"
"Mar 10, 2025 12:00 AM","Mar 10, 2025 1:00 AM","33,301.00"
